model,term
neutral,production
biology-oriented,oxidative
biology-oriented,therapy
biology-oriented,ms
biology-oriented,infection
biology-oriented,microscopy
biology-oriented,vaccine
neutral,correlation
biology-oriented,synthetic
biology-oriented,omics
neutral,personalized
systems-oriented,design
neutral,platform
neutral,inference
neutral,progression
biology-oriented,epigenetic
biology-oriented,treatment
systems-oriented,boolean
biology-oriented,fluorescence
biology-oriented,evolutionary
systems-oriented,bayesian
systems-oriented,linear
systems-oriented,optimization
biology-oriented,lc
systems-oriented,engineering
neutral,heterogeneity
neutral,dependent
biology-oriented,clinical
biology-oriented,phenotype
systems-oriented,robust
biology-oriented,vegf
biology-oriented,metabolite
systems-oriented,topological
biology-oriented,transcription
neutral,efficacy
biology-oriented,glycolysis
neutral,mechanism
biology-oriented,liver
biology-oriented,development
biology-oriented,cancer
biology-oriented,ppi
neutral,variability
biology-oriented,adaptive
biology-oriented,mitochondrial
biology-oriented,inhibitor
neutral,identification
biology-oriented,biomarker
neutral,challenge
biology-oriented,proliferation
neutral,multi
biology-oriented,pathogenesis
biology-oriented,lipid
neutral,regulation
systems-oriented,signalling
biology-oriented,receptor
biology-oriented,neuronal
biology-oriented,tumor
biology-oriented,mirna
biology-oriented,acid
biology-oriented,medicine
biology-oriented,transcriptional
biology-oriented,microbiome
biology-oriented,stress
biology-oriented,aging
biology-oriented,vitro
biology-oriented,redox
biology-oriented,chromatography
biology-oriented,stem
biology-oriented,host
biology-oriented,glucose
biology-oriented,metabolic
biology-oriented,genetics
biology-oriented,apoptosis
neutral,role
biology-oriented,peptide
biology-oriented,metabolism
systems-oriented,signaling
biology-oriented,cellular
biology-oriented,differentiation
systems-oriented,automated
biology-oriented,tcm
biology-oriented,biosynthesis
biology-oriented,mutant
biology-oriented,phosphorylation
neutral,translational
biology-oriented,pathogen
neutral,target
biology-oriented,protein
biology-oriented,metabolomics
systems-oriented,model
biology-oriented,disease
neutral,data
biology-oriented,interactome
biology-oriented,nmr
neutral,component
biology-oriented,rna
biology-oriented,plasma
biology-oriented,tf
neutral,kegg
neutral,dataset
biology-oriented,ligand
biology-oriented,binding
biology-oriented,vivo
biology-oriented,tissue
neutral,mechanistic
biology-oriented,cell
biology-oriented,yeast
biology-oriented,therapeutics
biology-oriented,immune
biology-oriented,bacterial
biology-oriented,extracellular
biology-oriented,membrane
biology-oriented,angiogenesis
biology-oriented,profiling
biology-oriented,molecular
biology-oriented,drug
systems-oriented,kinetic
neutral,screening
biology-oriented,transcriptome
biology-oriented,inflammation
biology-oriented,genotype
neutral,estimation
neutral,multiple
systems-oriented,computational
neutral,reaction
biology-oriented,adaptation
neutral,holistic
biology-oriented,viral
biology-oriented,growth
biology-oriented,saccharomyces
biology-oriented,cerevisiae
biology-oriented,homeostasis
biology-oriented,inhibition
biology-oriented,arabidopsis
biology-oriented,diabetes
biology-oriented,metabolome
biology-oriented,bioinformatic
biology-oriented,microbial
systems-oriented,parameter
systems-oriented,imaging
biology-oriented,flux
biology-oriented,spectrometry
neutral,interaction
neutral,factor
neutral,sensitivity
biology-oriented,mouse
biology-oriented,pharmacology
biology-oriented,thaliana
neutral,prediction
biology-oriented,eukaryotic
neutral,network
biology-oriented,transcriptomic
biology-oriented,circadian
neutral,multiscale
biology-oriented,activation
biology-oriented,pathway
systems-oriented,robustness
neutral,multivariate
biology-oriented,innate
biology-oriented,transcript
biology-oriented,mass
biology-oriented,human
neutral,variation
systems-oriented,ontology
systems-oriented,differential
biology-oriented,amino
systems-oriented,system
neutral,dimensional
biology-oriented,kinase
biology-oriented,msb
biology-oriented,cardiovascular
neutral,comprehensive
biology-oriented,chromatin
biology-oriented,complexity
neutral,throughput
systems-oriented,control
biology-oriented,mrna
neutral,quantification
biology-oriented,species
systems-oriented,optimal
biology-oriented,intracellular
biology-oriented,endogenous
neutral,integrated
systems-oriented,topology
neutral,integrative
biology-oriented,specificity
neutral,structural
neutral,synthesis
biology-oriented,biomolecular
neutral,application
systems-oriented,statistical
systems-oriented,simulation
biology-oriented,metabolomic
systems-oriented,systemic
biology-oriented,dna
biology-oriented,atp
biology-oriented,molecule
systems-oriented,dynamical
systems-oriented,silico
neutral,predictive
biology-oriented,proteome
systems-oriented,algorithm
biology-oriented,sequencing
systems-oriented,web
neutral,temporal
systems-oriented,mapping
biology-oriented,egfr
biology-oriented,plant
neutral,global
biology-oriented,therapeutic
biology-oriented,developmental
neutral,activity
biology-oriented,genome
neutral,comparative
biology-oriented,replication
biology-oriented,enzyme
biology-oriented,evolution
biology-oriented,physiology
neutral,integration
systems-oriented,modelling
biology-oriented,genetic
systems-oriented,systematic
neutral,exposure
neutral,heterogeneous
neutral,hypothesis
biology-oriented,omic
biology-oriented,mammalian
biology-oriented,biochemical
biology-oriented,mapk
biology-oriented,annotation
neutral,quantitative
biology-oriented,expression
biology-oriented,environmental
biology-oriented,biomedical
biology-oriented,bacteria
biology-oriented,assay
neutral,complex
neutral,qualitative
biology-oriented,mice
systems-oriented,stochastic
neutral,framework
biology-oriented,transcriptomics
biology-oriented,sequence
neutral,structure
biology-oriented,subcellular
systems-oriented,mathematical
systems-oriented,dynamics
neutral,experimental
systems-oriented,dynamic
biology-oriented,inflammatory
biology-oriented,gene
neutral,validation
biology-oriented,biology
neutral,reconstruction
neutral,analytical
systems-oriented,visualization
neutral,regulated
systems-oriented,chemical
neutral,clustering
systems-oriented,perturbation
biology-oriented,phenotypic
biology-oriented,bioinformatics
systems-oriented,nonlinear
neutral,connectivity
biology-oriented,drosophila
neutral,discovery
biology-oriented,cycle
systems-oriented,database
systems-oriented,feedback
biology-oriented,erk
biology-oriented,behavior
biology-oriented,organism
biology-oriented,sbml
neutral,paradigm
biology-oriented,substrate
neutral,function
biology-oriented,biological
biology-oriented,toxicology
neutral,detection
biology-oriented,response
biology-oriented,physiological
systems-oriented,systems
biology-oriented,toxicity
neutral,functional
systems-oriented,modeling
biology-oriented,kinetics
biology-oriented,proteomic
biology-oriented,regulatory
neutral,diverse
biology-oriented,genomic
biology-oriented,proteomics
biology-oriented,metabonomics
systems-oriented,information
neutral,emerging
biology-oriented,transduction
biology-oriented,genomics
systems-oriented,signal
biology-oriented,microarray
biology-oriented,escherichia
biology-oriented,coli
